Workbook

Sheet Portfolio
A1: B2B SaaS 이니셔티브 포트폴리오 평가
A3: 가정 | B3: 전략 가중치 | C3: 재무 가중치 | D3: 리스크 가중치 | E3: 가중치 합계 | F3: 100% 검증
A4: 기준 | B4: 0.35 | C4: 0.4 | D4: 0.25 | E4: =SUM(B4:D4) | F4: =IF(E4=1,"검증 완료","오류")
A7: 이니셔티브 | B7: 예상 ARR(원) | C7: 성공확률 | D7: 초기개발비(원) | E7: 월운영비(원) | F7: 전략점수 | G7: 리스크점수 | H7: 기대 ARR | I7: 12개월 순가치 | J7: ROI | K7: 리스크조정점수 | L7: 우선순위
A8: 영업 파이프라인 자동화 CRM SaaS | B8: 180000000 | C8: 0.72 | D8: 45000000 | E8: 5500000 | F8: 88 | G8: 32 | H8: =B8*C8 | I8: =H8-(D8+12*E8) | J8: =I8/(D8+12*E8) | K8: =$B$4*F8+$C$4*(J8*100)+$D$4*(100-G8) | L8: =RANK(K8,$K$8:$K$17,0)
A9: 계약·법무 검토 Copilot | B9: 160000000 | C9: 0.65 | D9: 40000000 | E9: 4500000 | F9: 84 | G9: 45 | H9: =B9*C9 | I9: =H9-(D9+12*E9) | J9: =I9/(D9+12*E9) | K9: =$B$4*F9+$C$4*(J9*100)+$D$4*(100-G9) | L9: =RANK(K9,$K$8:$K$17,0)
A10: B2B 고객지원 AI 챗봇 | B10: 240000000 | C10: 0.58 | D10: 60000000 | E10: 7000000 | F10: 82 | G10: 55 | H10: =B10*C10 | I10: =H10-(D10+12*E10) | J10: =I10/(D10+12*E10) | K10: =$B$4*F10+$C$4*(J10*100)+$D$4*(100-G10) | L10: =RANK(K10,$K$8:$K$17,0)
A11: 구독형 재무분석 FP&A SaaS | B11: 210000000 | C11: 0.62 | D11: 50000000 | E11: 6000000 | F11: 90 | G11: 38 | H11: =B11*C11 | I11: =H11-(D11+12*E11) | J11: =I11/(D11+12*E11) | K11: =$B$4*F11+$C$4*(J11*100)+$D$4*(100-G11) | L11: =RANK(K11,$K$8:$K$17,0)
A12: 공급망 수요예측 SaaS | B12: 300000000 | C12: 0.48 | D12: 75000000 | E12: 8500000 | F12: 86 | G12: 68 | H12: =B12*C12 | I12: =H12-(D12+12*E12) | J12: =I12/(D12+12*E12) | K12: =$B$4*F12+$C$4*(J12*100)+$D$4*(100-G12) | L12: =RANK(K12,$K$8:$K$17,0)
A13: HR 인력계획·스킬 매칭 SaaS | B13: 140000000 | C13: 0.7 | D13: 35000000 | E13: 4000000 | F13: 76 | G13: 30 | H13: =B13*C13 | I13: =H13-(D13+12*E13) | J13: =I13/(D13+12*E13) | K13: =$B$4*F13+$C$4*(J13*100)+$D$4*(100-G13) | L13: =RANK(K13,$K$8:$K$17,0)
A14: 보안 컴플라이언스 관리 SaaS | B14: 190000000 | C14: 0.6 | D14: 48000000 | E14: 5500000 | F14: 92 | G14: 50 | H14: =B14*C14 | I14: =H14-(D14+12*E14) | J14: =I14/(D14+12*E14) | K14: =$B$4*F14+$C$4*(J14*100)+$D$4*(100-G14) | L14: =RANK(K14,$K$8:$K$17,0)
A15: API 모니터링·개발자 포털 SaaS | B15: 125000000 | C15: 0.78 | D15: 30000000 | E15: 3500000 | F15: 74 | G15: 25 | H15: =B15*C15 | I15: =H15-(D15+12*E15) | J15: =I15/(D15+12*E15) | K15: =$B$4*F15+$C$4*(J15*100)+$D$4*(100-G15) | L15: =RANK(K15,$K$8:$K$17,0)
A16: B2B 마케팅 어트리뷰션 SaaS | B16: 230000000 | C16: 0.52 | D16: 55000000 | E16: 6500000 | F16: 80 | G16: 60 | H16: =B16*C16 | I16: =H16-(D16+12*E16) | J16: =I16/(D16+12*E16) | K16: =$B$4*F16+$C$4*(J16*100)+$D$4*(100-G16) | L16: =RANK(K16,$K$8:$K$17,0)
A17: 전자조달·벤더 리스크 SaaS | B17: 175000000 | C17: 0.57 | D17: 42000000 | E17: 5000000 | F17: 83 | G17: 48 | H17: =B17*C17 | I17: =H17-(D17+12*E17) | J17: =I17/(D17+12*E17) | K17: =$B$4*F17+$C$4*(J17*100)+$D$4*(100-G17) | L17: =RANK(K17,$K$8:$K$17,0)

Sheet Scenarios
A1: B2B SaaS 시나리오 분석
A3: 시나리오 | B3: ARR 배수 | C3: 성공확률 조정 | D3: 비용 배수
A4: Downside | B4: 0.8 | C4: -0.15 | D4: 1.15
A5: Base | B5: 1 | C5: 0 | D5: 1
A6: Upside | B6: 1.2 | C6: 0.1 | D6: 0.9
A9: 이니셔티브 | B9: Downside 기대 순가치(원) | C9: Base 기대 순가치(원) | D9: Upside 기대 순가치(원)
A10: =Portfolio!$A8 | B10: =Portfolio!$B8*$B$4*(Portfolio!$C8+$C$4)-(Portfolio!$D8+12*Portfolio!$E8)*$D$4 | C10: =Portfolio!$B8*$B$5*(Portfolio!$C8+$C$5)-(Portfolio!$D8+12*Portfolio!$E8)*$D$5 | D10: =Portfolio!$B8*$B$6*(Portfolio!$C8+$C$6)-(Portfolio!$D8+12*Portfolio!$E8)*$D$6
A11: =Portfolio!$A9 | B11: =Portfolio!$B9*$B$4*(Portfolio!$C9+$C$4)-(Portfolio!$D9+12*Portfolio!$E9)*$D$4 | C11: =Portfolio!$B9*$B$5*(Portfolio!$C9+$C$5)-(Portfolio!$D9+12*Portfolio!$E9)*$D$5 | D11: =Portfolio!$B9*$B$6*(Portfolio!$C9+$C$6)-(Portfolio!$D9+12*Portfolio!$E9)*$D$6
A12: =Portfolio!$A10 | B12: =Portfolio!$B10*$B$4*(Portfolio!$C10+$C$4)-(Portfolio!$D10+12*Portfolio!$E10)*$D$4 | C12: =Portfolio!$B10*$B$5*(Portfolio!$C10+$C$5)-(Portfolio!$D10+12*Portfolio!$E10)*$D$5 | D12: =Portfolio!$B10*$B$6*(Portfolio!$C10+$C$6)-(Portfolio!$D10+12*Portfolio!$E10)*$D$6
A13: =Portfolio!$A11 | B13: =Portfolio!$B11*$B$4*(Portfolio!$C11+$C$4)-(Portfolio!$D11+12*Portfolio!$E11)*$D$4 | C13: =Portfolio!$B11*$B$5*(Portfolio!$C11+$C$5)-(Portfolio!$D11+12*Portfolio!$E11)*$D$5 | D13: =Portfolio!$B11*$B$6*(Portfolio!$C11+$C$6)-(Portfolio!$D11+12*Portfolio!$E11)*$D$6
A14: =Portfolio!$A12 | B14: =Portfolio!$B12*$B$4*(Portfolio!$C12+$C$4)-(Portfolio!$D12+12*Portfolio!$E12)*$D$4 | C14: =Portfolio!$B12*$B$5*(Portfolio!$C12+$C$5)-(Portfolio!$D12+12*Portfolio!$E12)*$D$5 | D14: =Portfolio!$B12*$B$6*(Portfolio!$C12+$C$6)-(Portfolio!$D12+12*Portfolio!$E12)*$D$6
A15: =Portfolio!$A13 | B15: =Portfolio!$B13*$B$4*(Portfolio!$C13+$C$4)-(Portfolio!$D13+12*Portfolio!$E13)*$D$4 | C15: =Portfolio!$B13*$B$5*(Portfolio!$C13+$C$5)-(Portfolio!$D13+12*Portfolio!$E13)*$D$5 | D15: =Portfolio!$B13*$B$6*(Portfolio!$C13+$C$6)-(Portfolio!$D13+12*Portfolio!$E13)*$D$6
A16: =Portfolio!$A14 | B16: =Portfolio!$B14*$B$4*(Portfolio!$C14+$C$4)-(Portfolio!$D14+12*Portfolio!$E14)*$D$4 | C16: =Portfolio!$B14*$B$5*(Portfolio!$C14+$C$5)-(Portfolio!$D14+12*Portfolio!$E14)*$D$5 | D16: =Portfolio!$B14*$B$6*(Portfolio!$C14+$C$6)-(Portfolio!$D14+12*Portfolio!$E14)*$D$6
A17: =Portfolio!$A15 | B17: =Portfolio!$B15*$B$4*(Portfolio!$C15+$C$4)-(Portfolio!$D15+12*Portfolio!$E15)*$D$4 | C17: =Portfolio!$B15*$B$5*(Portfolio!$C15+$C$5)-(Portfolio!$D15+12*Portfolio!$E15)*$D$5 | D17: =Portfolio!$B15*$B$6*(Portfolio!$C15+$C$6)-(Portfolio!$D15+12*Portfolio!$E15)*$D$6
A18: =Portfolio!$A16 | B18: =Portfolio!$B16*$B$4*(Portfolio!$C16+$C$4)-(Portfolio!$D16+12*Portfolio!$E16)*$D$4 | C18: =Portfolio!$B16*$B$5*(Portfolio!$C16+$C$5)-(Portfolio!$D16+12*Portfolio!$E16)*$D$5 | D18: =Portfolio!$B16*$B$6*(Portfolio!$C16+$C$6)-(Portfolio!$D16+12*Portfolio!$E16)*$D$6
A19: =Portfolio!$A17 | B19: =Portfolio!$B17*$B$4*(Portfolio!$C17+$C$4)-(Portfolio!$D17+12*Portfolio!$E17)*$D$4 | C19: =Portfolio!$B17*$B$5*(Portfolio!$C17+$C$5)-(Portfolio!$D17+12*Portfolio!$E17)*$D$5 | D19: =Portfolio!$B17*$B$6*(Portfolio!$C17+$C$6)-(Portfolio!$D17+12*Portfolio!$E17)*$D$6
A20: 포트폴리오 합계 | B20: =SUM(B10:B19) | C20: =SUM(C10:C19) | D20: =SUM(D10:D19)

Sheet Dashboard
A1: B2B SaaS 투자 포트폴리오 대시보드
A3: 총 투자비 | C3: 총 기대 ARR | E3: 포트폴리오 기대 순가치 | G3: 가중 평균 성공확률
A4: =SUM(Portfolio!$D$8:$D$17)+12*SUM(Portfolio!$E$8:$E$17) | C4: =SUM(Portfolio!$H$8:$H$17) | E4: =SUM(Portfolio!$I$8:$I$17) | G4: =SUMPRODUCT(Portfolio!$B$8:$B$17,Portfolio!$C$8:$C$17)/SUM(Portfolio!$B$8:$B$17)
A7: 순위 | B7: 투자안 | C7: 리스크조정점수 | E7: 시나리오 | F7: 포트폴리오 순가치 | G7: 기준 대비 | H7: 리스크 판정
A8: 1 | B8: =INDEX(Portfolio!$A$8:$A$17,MATCH($A8,Portfolio!$L$8:$L$17,0)) | C8: =INDEX(Portfolio!$K$8:$K$17,MATCH($A8,Portfolio!$L$8:$L$17,0)) | E8: =Scenarios!$A$4 | F8: =Scenarios!$B$20 | G8: =F8-$F$9 | H8: =IF(F8<0,"위험","양호")
A9: 2 | B9: =INDEX(Portfolio!$A$8:$A$17,MATCH($A9,Portfolio!$L$8:$L$17,0)) | C9: =INDEX(Portfolio!$K$8:$K$17,MATCH($A9,Portfolio!$L$8:$L$17,0)) | E9: =Scenarios!$A$5 | F9: =Scenarios!$C$20 | G9: =F9-$F$9 | H9: =IF(F9<0,"위험","양호")
A10: 3 | B10: =INDEX(Portfolio!$A$8:$A$17,MATCH($A10,Portfolio!$L$8:$L$17,0)) | C10: =INDEX(Portfolio!$K$8:$K$17,MATCH($A10,Portfolio!$L$8:$L$17,0)) | E10: =Scenarios!$A$6 | F10: =Scenarios!$D$20 | G10: =F10-$F$9 | H10: =IF(F10<0,"위험","양호")
A13: 의사결정 권고
A14: =IF($F$8<0,"Downside에서 포트폴리오 순가치가 음수이므로 단계적 집행과 비용 통제가 필요합니다.","Downside에서도 포트폴리오 순가치가 양수이므로 계획대로 집행 가능합니다.")
A15: =IF($F$9>0,"Base에서 기대 순가치가 양수이므로 우선순위 1~3위 투자안을 중심으로 집행합니다.","Base에서 기대 순가치가 음수이므로 투자안 재선별이 필요합니다.")
A16: =IF($F$10>$F$9,"Upside가 Base를 상회하므로 성공확률 개선과 ARR 확장을 병행합니다.","Upside가 Base를 상회하지 않으므로 ARR 확장 가정을 보수적으로 관리합니다.")
